{"initial_reset_timestamp": 1580652403.6337354, "timestamps": [1580652410.5216827, 1580652417.2713602, 1580652417.3629751, 1580652417.3881383, 1580652417.4133668, 1580652417.4385998, 1580652417.463916, 1580652417.4892426, 1580652424.1692011, 1580652424.2639654, 1580652424.2916582, 1580652424.3193028, 1580652424.3468351, 1580652424.3746755, 1580652424.40265, 1580652424.430846, 1580652424.4587495, 1580652424.4867394, 1580652424.5145185, 1580652424.5430167, 1580652424.5707166, 1580652424.598376, 1580652424.625651, 1580652424.6530254, 1580652424.6804338, 1580652424.707975, 1580652424.7356858, 1580652431.4199579, 1580652431.5167649, 1580652431.5447843, 1580652431.5730014, 1580652431.6014392, 1580652431.6290953, 1580652431.6564448, 1580652431.683927, 1580652431.7113767, 1580652431.7398813, 1580652431.7678173, 1580652431.7955003, 1580652431.8230398, 1580652431.8503437, 1580652431.877793, 1580652431.8850982, 1580652431.9124544, 1580652431.9400291, 1580652431.967604, 1580652431.9951406, 1580652432.0235393, 1580652432.050989, 1580652432.0787532, 1580652432.1065216, 1580652432.1427138, 1580652432.1702785, 1580652432.1979244, 1580652432.2255173, 1580652432.2536638, 1580652432.2814171, 1580652432.3092318, 1580652432.3369553, 1580652432.36451, 1580652432.3919706, 1580652432.4195645, 1580652432.4470632, 1580652432.4745836, 1580652439.1545002, 1580652439.248612, 1580652439.2737277, 1580652439.2987835, 1580652439.3240316, 1580652439.349054, 1580652439.3741233, 1580652439.39908, 1580652439.4240901, 1580652439.4491425, 1580652439.4742708, 1580652439.4995165, 1580652439.524919, 1580652439.5554533, 1580652439.5934925, 1580652439.6189504, 1580652439.6454942, 1580652439.6709807, 1580652439.696579, 1580652439.722115, 1580652439.747576, 1580652439.7730012, 1580652439.7984676, 1580652439.8239672, 1580652439.8494122, 1580652439.8747988, 1580652439.8933742, 1580652439.9188297, 1580652439.9442441, 1580652439.9695985, 1580652439.994973, 1580652440.020299, 1580652440.0464394, 1580652440.0733716, 1580652440.100208, 1580652440.127622], "episode_lengths": [200, 200, 200, 200, 200, 200, 200, 200, 200, 200, 200, 200, 200, 200, 200, 200, 200, 200, 200, 200, 200, 200, 200, 200, 200, 200, 200, 200, 200, 200, 200, 200, 200, 200, 200, 200, 200, 200, 200, 200, 200, 200, 53, 200, 200, 200, 200, 200, 200, 200, 200, 200, 200, 200, 200, 200, 200, 200, 200, 200, 200, 200, 200, 200, 200, 200, 200, 200, 200, 200, 200, 200, 200, 200, 200, 200, 200, 200, 200, 200, 200, 200, 200, 200, 200, 200, 200, 200, 200, 200, 146, 200, 200, 200, 200, 200, 200, 200, 200, 200], "episode_rewards": [200.0, 200.0, 200.0, 200.0, 200.0, 200.0, 200.0, 200.0, 200.0, 200.0, 200.0, 200.0, 200.0, 200.0, 200.0, 200.0, 200.0, 200.0, 200.0, 200.0, 200.0, 200.0, 200.0, 200.0, 200.0, 200.0, 200.0, 200.0, 200.0, 200.0, 200.0, 200.0, 200.0, 200.0, 200.0, 200.0, 200.0, 200.0, 200.0, 200.0, 200.0, 200.0, 53.0, 200.0, 200.0, 200.0, 200.0, 200.0, 200.0, 200.0, 200.0, 200.0, 200.0, 200.0, 200.0, 200.0, 200.0, 200.0, 200.0, 200.0, 200.0, 200.0, 200.0, 200.0, 200.0, 200.0, 200.0, 200.0, 200.0, 200.0, 200.0, 200.0, 200.0, 200.0, 200.0, 200.0, 200.0, 200.0, 200.0, 200.0, 200.0, 200.0, 200.0, 200.0, 200.0, 200.0, 200.0, 200.0, 200.0, 200.0, 146.0, 200.0, 200.0, 200.0, 200.0, 200.0, 200.0, 200.0, 200.0, 200.0], "episode_types": ["t", "t", "t", "t", "t", "t", "t", "t", "t", "t", "t", "t", "t", "t", "t", "t", "t", "t", "t", "t", "t", "t", "t", "t", "t", "t", "t", "t", "t", "t", "t", "t", "t", "t", "t", "t", "t", "t", "t", "t", "t", "t", "t", "t", "t", "t", "t", "t", "t", "t", "t", "t", "t", "t", "t", "t", "t", "t", "t", "t", "t", "t", "t", "t", "t", "t", "t", "t", "t", "t", "t", "t", "t", "t", "t", "t", "t", "t", "t", "t", "t", "t", "t", "t", "t", "t", "t", "t", "t", "t", "t", "t", "t", "t", "t", "t", "t", "t", "t", "t"]}