{"initial_reset_timestamp": 1581432870.3851902, "timestamps": [1581432877.1586199, 1581432883.925554, 1581432884.0245156, 1581432884.0537271, 1581432884.0828395, 1581432884.1124122, 1581432884.143069, 1581432884.1728039, 1581432890.8756807, 1581432890.9870744, 1581432891.016958, 1581432891.046981, 1581432891.0769057, 1581432891.10696, 1581432891.1376202, 1581432891.1677346, 1581432891.1975436, 1581432891.2260337, 1581432891.2544694, 1581432891.2829976, 1581432891.3128307, 1581432891.3432424, 1581432891.3737843, 1581432891.4043012, 1581432891.4344404, 1581432891.4650652, 1581432891.4955156, 1581432898.198648, 1581432898.2923794, 1581432898.320691, 1581432898.349052, 1581432898.3774176, 1581432898.4058096, 1581432898.4438035, 1581432898.472063, 1581432898.500384, 1581432898.5285988, 1581432898.5565975, 1581432898.5846608, 1581432898.612493, 1581432898.6403425, 1581432898.6681051, 1581432898.6961267, 1581432898.7242544, 1581432898.752195, 1581432898.7801995, 1581432898.8079722, 1581432898.8356864, 1581432898.863361, 1581432898.891214, 1581432898.9193254, 1581432898.9477468, 1581432898.9757733, 1581432899.0035553, 1581432899.0311909, 1581432899.0593889, 1581432899.0878584, 1581432899.1159847, 1581432899.1439526, 1581432899.1719618, 1581432899.200335, 1581432899.2285368, 1581432899.2565207, 1581432899.2843223, 1581432905.9763944, 1581432906.0722473, 1581432906.1017249, 1581432906.1316178, 1581432906.1612794, 1581432906.198761, 1581432906.2342353, 1581432906.264372, 1581432906.29439, 1581432906.3249018, 1581432906.3553674, 1581432906.3854465, 1581432906.4178023, 1581432906.4517255, 1581432906.4847069, 1581432906.5246365, 1581432906.5551226, 1581432906.5852373, 1581432906.6151578, 1581432906.6450999, 1581432906.6752791, 1581432906.7062416, 1581432906.7385561, 1581432906.7691023, 1581432906.7996275, 1581432906.8293073, 1581432906.8620028, 1581432906.8902247, 1581432906.9205456, 1581432906.951576, 1581432906.9816518, 1581432907.0116465, 1581432907.0416985, 1581432907.071555, 1581432907.1017177, 1581432907.132024], "episode_lengths": [200, 200, 200, 200, 200, 200, 200, 200, 200, 200, 200, 200, 200, 200, 200, 200, 200, 200, 200, 200, 200, 200, 200, 200, 200, 200, 200, 200, 200, 200, 200, 200, 200, 200, 200, 200, 200, 200, 200, 200, 200, 200, 200, 200, 200, 200, 200, 200, 200, 200, 200, 200, 200, 200, 200, 200, 200, 200, 200, 200, 200, 200, 200, 200, 200, 200, 200, 200, 200, 200, 200, 200, 200, 200, 200, 200, 200, 200, 200, 200, 200, 200, 200, 200, 200, 200, 200, 200, 200, 200, 200, 200, 200, 200, 200, 200, 200, 200, 200, 200], "episode_rewards": [200.0, 200.0, 200.0, 200.0, 200.0, 200.0, 200.0, 200.0, 200.0, 200.0, 200.0, 200.0, 200.0, 200.0, 200.0, 200.0, 200.0, 200.0, 200.0, 200.0, 200.0, 200.0, 200.0, 200.0, 200.0, 200.0, 200.0, 200.0, 200.0, 200.0, 200.0, 200.0, 200.0, 200.0, 200.0, 200.0, 200.0, 200.0, 200.0, 200.0, 200.0, 200.0, 200.0, 200.0, 200.0, 200.0, 200.0, 200.0, 200.0, 200.0, 200.0, 200.0, 200.0, 200.0, 200.0, 200.0, 200.0, 200.0, 200.0, 200.0, 200.0, 200.0, 200.0, 200.0, 200.0, 200.0, 200.0, 200.0, 200.0, 200.0, 200.0, 200.0, 200.0, 200.0, 200.0, 200.0, 200.0, 200.0, 200.0, 200.0, 200.0, 200.0, 200.0, 200.0, 200.0, 200.0, 200.0, 200.0, 200.0, 200.0, 200.0, 200.0, 200.0, 200.0, 200.0, 200.0, 200.0, 200.0, 200.0, 200.0], "episode_types": ["t", "t", "t", "t", "t", "t", "t", "t", "t", "t", "t", "t", "t", "t", "t", "t", "t", "t", "t", "t", "t", "t", "t", "t", "t", "t", "t", "t", "t", "t", "t", "t", "t", "t", "t", "t", "t", "t", "t", "t", "t", "t", "t", "t", "t", "t", "t", "t", "t", "t", "t", "t", "t", "t", "t", "t", "t", "t", "t", "t", "t", "t", "t", "t", "t", "t", "t", "t", "t", "t", "t", "t", "t", "t", "t", "t", "t", "t", "t", "t", "t", "t", "t", "t", "t", "t", "t", "t", "t", "t", "t", "t", "t", "t", "t", "t", "t", "t", "t", "t"]}