{"initial_reset_timestamp": 1581416101.8513784, "timestamps": [1581416103.0683854, 1581416104.1078813, 1581416104.948932, 1581416105.5409307, 1581416106.1263087, 1581416106.9786196, 1581416107.6320877, 1581416108.4391603, 1581416109.34015, 1581416109.9444754, 1581416110.7994115, 1581416111.4467251, 1581416112.270318, 1581416112.8650177, 1581416113.4437435, 1581416114.2881985, 1581416114.975374, 1581416115.7991855, 1581416116.3948033, 1581416116.9707143, 1581416117.807175, 1581416118.468107, 1581416119.288529, 1581416119.8839707, 1581416120.4592624, 1581416121.306557, 1581416121.9477699, 1581416123.1088638, 1581416123.7215617, 1581416124.3093283, 1581416125.1534894, 1581416125.8165298, 1581416126.673591, 1581416127.282304, 1581416127.9014394, 1581416128.8017972, 1581416129.4470072, 1581416130.2511356, 1581416130.8380818, 1581416131.4089851, 1581416132.2849858, 1581416132.9317133, 1581416133.7747087, 1581416134.3772266, 1581416134.9882462, 1581416135.8833797, 1581416136.5276797, 1581416137.3334892, 1581416137.9185822, 1581416138.529068], "episode_lengths": [179, 138, 173, 126, 124, 179, 138, 173, 126, 124, 179, 138, 173, 126, 124, 179, 138, 173, 126, 124, 179, 138, 173, 126, 124, 179, 138, 173, 126, 124, 179, 138, 173, 126, 124, 179, 138, 173, 126, 124, 179, 138, 173, 126, 124, 179, 138, 173, 126, 124], "episode_rewards": [5.0, 4.0, 3.0, 2.0, 2.0, 5.0, 4.0, 3.0, 2.0, 2.0, 5.0, 4.0, 3.0, 2.0, 2.0, 5.0, 4.0, 3.0, 2.0, 2.0, 5.0, 4.0, 3.0, 2.0, 2.0, 5.0, 4.0, 3.0, 2.0, 2.0, 5.0, 4.0, 3.0, 2.0, 2.0, 5.0, 4.0, 3.0, 2.0, 2.0, 5.0, 4.0, 3.0, 2.0, 2.0, 5.0, 4.0, 3.0, 2.0, 2.0], "episode_types": ["t", "t", "t", "t", "t", "t", "t", "t", "t", "t", "t", "t", "t", "t", "t", "t", "t", "t", "t", "t", "t", "t", "t", "t", "t", "t", "t", "t", "t", "t", "t", "t", "t", "t", "t", "t", "t", "t", "t", "t", "t", "t", "t", "t", "t", "t", "t", "t", "t", "t"]}